{
  "modelTopology": {
    "class_name": "Sequential",
    "config": {
      "name": "sequential_1",
      "layers": [
        {
          "class_name": "Dense",
          "config": {
            "units": 10,
            "activation": "sigmoid",
            "use_bias": true,
            "kernel_initializer": {
              "class_name": "VarianceScaling",
              "config": {
                "scale": 1,
                "mode": "fan_avg",
                "distribution": "normal",
                "seed": null
              }
            },
            "bias_initializer": { "class_name": "Zeros", "config": {} },
            "kernel_regularizer": null,
            "bias_regularizer": null,
            "activity_regularizer": null,
            "kernel_constraint": null,
            "bias_constraint": null,
            "name": "dense_Dense1",
            "trainable": true,
            "batch_input_shape": [null, 6],
            "dtype": "float32"
          }
        },
        {
          "class_name": "Dense",
          "config": {
            "units": 3,
            "activation": "softmax",
            "use_bias": true,
            "kernel_initializer": {
              "class_name": "VarianceScaling",
              "config": {
                "scale": 1,
                "mode": "fan_avg",
                "distribution": "normal",
                "seed": null
              }
            },
            "bias_initializer": { "class_name": "Zeros", "config": {} },
            "kernel_regularizer": null,
            "bias_regularizer": null,
            "activity_regularizer": null,
            "kernel_constraint": null,
            "bias_constraint": null,
            "name": "dense_Dense2",
            "trainable": true,
            "batch_input_shape": [null, 6],
            "dtype": "float32"
          }
        }
      ]
    },
    "keras_version": "tfjs-layers 3.14.0",
    "backend": "tensor_flow.js"
  },
  "format": "layers-model",
  "generatedBy": "TensorFlow.js tfjs-layers v3.14.0",
  "convertedBy": null,
  "weightsManifest": [
    {
      "paths": ["./mymodelCar.weights.bin"],
      "weights": [
        { "name": "dense_Dense1/kernel", "shape": [6, 10], "dtype": "float32" },
        { "name": "dense_Dense1/bias", "shape": [10], "dtype": "float32" },
        { "name": "dense_Dense2/kernel", "shape": [10, 3], "dtype": "float32" },
        { "name": "dense_Dense2/bias", "shape": [3], "dtype": "float32" }
      ]
    }
  ]
}
